PMID,Title,Authors,Citation,First Author,Journal/Book,Publication Year,Create Date,PMCID,NIHMS ID,DOI
"39048314","When the heart meets the mind: Exploring the brain-heart interaction during time perception","Khoshnoud S, Leitritz D, Çinar Bozdağ M, Alvarez Igarzábal F, Noreika V, Wittmann M.","J Neurosci. 2024 Jul 24:e2039232024. doi: 10.1523/JNEUROSCI.2039-23.2024. Online ahead of print.","Khoshnoud S","J Neurosci","2024","2024/07/24","","","10.1523/JNEUROSCI.2039-23.2024"
"39035777","Heartbeat-evoked potentials following voluntary hyperventilation in epilepsy patients: respiratory influences on cardiac interoception","Stoupi NA, Weijs ML, Imbach L, Lenggenhager B.","Front Neurosci. 2024 Jul 5;18:1391437. doi: 10.3389/fnins.2024.1391437. eCollection 2024.","Stoupi NA","Front Neurosci","2024","2024/07/22","PMC11259972","","10.3389/fnins.2024.1391437"
"39035154","Exploring the technological dimension of Autonomous sensory meridian response-induced physiological responses","Seifzadeh S, Kostek B.","PeerJ. 2024 Jul 18;12:e17754. doi: 10.7717/peerj.17754. eCollection 2024.","Seifzadeh S","PeerJ","2024","2024/07/22","PMC11260406","","10.7717/peerj.17754"
"38860229","Heartbeat evoked potentials and autonomic arousal during dissociative seizures: insights from electrophysiology and neuroimaging","Flasbeck V, Jungilligens J, Lemke I, Beckers J, Öztürk H, Wellmer J, Seliger C, Juckel G, Popkirov S.","BMJ Neurol Open. 2024 Jun 5;6(1):e000665. doi: 10.1136/bmjno-2024-000665. eCollection 2024.","Flasbeck V","BMJ Neurol Open","2024","2024/06/11","PMC11163632","","10.1136/bmjno-2024-000665"
"38839034","Intranasal Oxytocin Improves Interoceptive Accuracy and Heartbeat-Evoked Potentials During a Cardiac Interoceptive Task","Zhou M, Cheng L, Zhou Y, Zhu S, Zhang Y, Kendrick KM, Yao S.","Biol Psychiatry Cogn Neurosci Neuroimaging. 2024 Jun 3:S2451-9022(24)00137-X. doi: 10.1016/j.bpsc.2024.05.004. Online ahead of print.","Zhou M","Biol Psychiatry Cogn Neurosci Neuroimaging","2024","2024/06/05","","","10.1016/j.bpsc.2024.05.004"
"38811512","Resting-State EEG Signature of Early Consciousness Recovery in Comatose Patients with Traumatic Brain Injury","Alkhachroum A, Fló E, Manolovitz B, Cohan H, Shammassian B, Bass D, Aklepi G, Monexe E, Ghamasaee P, Sobczak E, Samano D, Saavedra AB, Massad N, Kottapally M, Merenda A, Cordeiro JG, Jagid J, Kanner AM, Rundek T, O'Phelan K, Claassen J, Sitt JD.","Neurocrit Care. 2024 May 29. doi: 10.1007/s12028-024-02005-2. Online ahead of print.","Alkhachroum A","Neurocrit Care","2024","2024/05/29","","","10.1007/s12028-024-02005-2"
"38811318","The cardiac cycle modulates learning-related interoception","Nokia MS, Xu W, Wikgren J.","Trends Cogn Sci. 2024 May 28:S1364-6613(24)00133-5. doi: 10.1016/j.tics.2024.05.007. Online ahead of print.","Nokia MS","Trends Cogn Sci","2024","2024/05/29","","","10.1016/j.tics.2024.05.007"
"38797841","A neurophysiological profiling of the heartbeat-evoked potential in severe acquired brain injuries: A focus on unconsciousness","Liuzzi P, Cassioli T, Secci S, Hakiki B, Scarpino M, Burali R, di Palma A, Toci T, Grippo A, Cecchi F, Frosini A, Mannini A.","Eur J Neurosci. 2024 May 26. doi: 10.1111/ejn.16394. Online ahead of print.","Liuzzi P","Eur J Neurosci","2024","2024/05/26","","","10.1111/ejn.16394"
"38738870","BrainBeats as an Open-Source EEGLAB Plugin to Jointly Analyze EEG and Cardiovascular Signals","Cannard C, Wahbeh H, Delorme A.","J Vis Exp. 2024 Apr 26;(206). doi: 10.3791/65829.","Cannard C","J Vis Exp","2024","2024/05/13","","","10.3791/65829"
"38623333","Attention to cardiac sensations enhances the heartbeat-evoked potential during exhalation","Zaccaro A, Della Penna F, Mussini E, Parrotta E, Perrucci MG, Costantini M, Ferri F.","iScience. 2024 Mar 27;27(4):109586. doi: 10.1016/j.isci.2024.109586. eCollection 2024 Apr 19.","Zaccaro A","iScience","2024","2024/04/16","PMC11016802","","10.1016/j.isci.2024.109586"
"38518888","Delving into the relationship between regular physical exercise and cardiac interoception in two cross-sectional studies","Yoris AE, Cira LF, Luque-Casado A, Salvotti C, Tajadura-Jiménez A, Avancini C, Zarza-Rebollo JA, Sanabria D, Perakakis P.","Neuropsychologia. 2024 Jun 6;198:108867. doi: 10.1016/j.neuropsychologia.2024.108867. Epub 2024 Mar 20.","Yoris AE","Neuropsychologia","2024","2024/03/22","","","10.1016/j.neuropsychologia.2024.108867"
"38403782","Exploring the neural underpinnings of chord prediction uncertainty: an electroencephalography (EEG) study","Ono K, Mizuochi R, Yamamoto K, Sasaoka T, Ymawaki S.","Sci Rep. 2024 Feb 26;14(1):4586. doi: 10.1038/s41598-024-55366-1.","Ono K","Sci Rep","2024","2024/02/25","PMC10894873","","10.1038/s41598-024-55366-1"
"38379451","Transcutaneous auricular vagus nerve stimulation modulates the processing of interoceptive prediction error signals and their role in allostatic regulation","Ventura-Bort C, Weymar M.","Hum Brain Mapp. 2024 Feb 15;45(3):e26613. doi: 10.1002/hbm.26613.","Ventura-Bort C","Hum Brain Mapp","2024","2024/02/21","PMC10879907","","10.1002/hbm.26613"
"38369098","Aberrant heartbeat-evoked potential in schizophrenia","Koreki A, Ogyu K, Miyazaki T, Takenouchi K, Matsushita K, Honda S, Koizumi T, Onaya M, Uchida H, Mimura M, Nakajima S, Noda Y.","Prog Neuropsychopharmacol Biol Psychiatry. 2024 Jun 8;132:110969. doi: 10.1016/j.pnpbp.2024.110969. Epub 2024 Feb 16.","Koreki A","Prog Neuropsychopharmacol Biol Psychiatry","2024","2024/02/18","","","10.1016/j.pnpbp.2024.110969"
"38318683","Interoception as a function of hypnotizability during rest and a heartbeat counting task","Giusti G, Zelič Ž, Callara AL, Sebastiani L, Santarcangelo EL.","Psychophysiology. 2024 Jun;61(6):e14535. doi: 10.1111/psyp.14535. Epub 2024 Feb 6.","Giusti G","Psychophysiology","2024","2024/02/06","","","10.1111/psyp.14535"
"38291167","Heartbeat-evoked neural response abnormalities in generalized anxiety disorder during peripheral adrenergic stimulation","Verdonk C, Teed AR, White EJ, Ren X, Stewart JL, Paulus MP, Khalsa SS.","Neuropsychopharmacology. 2024 Jul;49(8):1246-1254. doi: 10.1038/s41386-024-01806-5. Epub 2024 Jan 30.","Verdonk C","Neuropsychopharmacology","2024","2024/01/30","PMC11224228","","10.1038/s41386-024-01806-5"
"38009624","Cardiac interoception in Anorexia Nervosa: A resting-state heartbeat-evoked potential study","Cambi S, Solcà M, Micali N, Berchio C.","Eur Eat Disord Rev. 2024 May;32(3):417-430. doi: 10.1002/erv.3049. Epub 2023 Nov 27.","Cambi S","Eur Eat Disord Rev","2024","2023/11/27","","","10.1002/erv.3049"
"37920446","Time-varying information measures: an adaptive estimation of information storage with application to brain-heart interactions","Antonacci Y, Barà C, Zaccaro A, Ferri F, Pernice R, Faes L.","Front Netw Physiol. 2023 Oct 18;3:1242505. doi: 10.3389/fnetp.2023.1242505. eCollection 2023.","Antonacci Y","Front Netw Physiol","2023","2023/11/03","PMC10619917","","10.3389/fnetp.2023.1242505"
"37888955","Conscious processing of global and local auditory irregularities causes differentiated heartbeat-evoked responses","Candia-Rivera D, Raimondo F, Pérez P, Naccache L, Tallon-Baudry C, Sitt JD.","Elife. 2023 Oct 27;12:e75352. doi: 10.7554/eLife.75352.","Candia-Rivera D","Elife","2023","2023/10/27","PMC10651171","","10.7554/eLife.75352"
"37775030","Elevated EEG heartbeat-evoked potentials in adolescents with more ADHD symptoms","Rapp L, Mai-Lippold SA, Georgiou E, Pollatos O.","Biol Psychol. 2023 Nov;184:108698. doi: 10.1016/j.biopsycho.2023.108698. Epub 2023 Sep 28.","Rapp L","Biol Psychol","2023","2023/09/29","","","10.1016/j.biopsycho.2023.108698"
"37652352","Reduced concentration performance and heartbeat-evoked potential in individuals with a history of a SARS-CoV-2 infection","Kamp SM, Buntić N, Amtmann J, Scharpf A, Schönen A, Wagner L, Schulz A.","Neurosci Lett. 2023 Sep 25;814:137466. doi: 10.1016/j.neulet.2023.137466. Epub 2023 Aug 29.","Kamp SM","Neurosci Lett","2023","2023/08/31","","","10.1016/j.neulet.2023.137466"
"37490801","Modulation of heartbeat-evoked potential and cardiac cycle effect by auditory stimuli","Tanaka Y, Ito Y, Terasawa Y, Umeda S.","Biol Psychol. 2023 Sep;182:108637. doi: 10.1016/j.biopsycho.2023.108637. Epub 2023 Jul 23.","Tanaka Y","Biol Psychol","2023","2023/07/25","","","10.1016/j.biopsycho.2023.108637"
"37455508","Reduced Heartbeat-Evoked Responses in a Near-Death Case Report","Candia-Rivera D, Machado C.","J Clin Neurol. 2023 Nov;19(6):581-588. doi: 10.3988/jcn.2022.0415. Epub 2023 Jun 1.","Candia-Rivera D","J Clin Neurol","2023","2023/07/17","PMC10622722","","10.3988/jcn.2022.0415"
"37421217","Cardiac interoception in infants: Behavioral and neurophysiological measures in various emotional and self-related contexts","Weijs ML, Daum MM, Lenggenhager B.","Psychophysiology. 2023 Dec;60(12):e14386. doi: 10.1111/psyp.14386. Epub 2023 Jul 8.","Weijs ML","Psychophysiology","2023","2023/07/08","","","10.1111/psyp.14386"
"37405324","Increased neurocardiological interplay after mindfulness meditation: a brain oscillation-based approach","Gao J, Sun R, Leung HK, Roberts A, Wu BWY, Tsang EW, Tang ACW, Sik HH.","Front Hum Neurosci. 2023 Jun 19;17:1008490. doi: 10.3389/fnhum.2023.1008490. eCollection 2023.","Gao J","Front Hum Neurosci","2023","2023/07/05","PMC10315629","","10.3389/fnhum.2023.1008490"
"37382151","Multidimensional assessment of heartbeat-evoked responses in disorders of consciousness","Candia-Rivera D, Machado C.","Eur J Neurosci. 2023 Aug;58(4):3098-3110. doi: 10.1111/ejn.16079. Epub 2023 Jun 29.","Candia-Rivera D","Eur J Neurosci","2023","2023/06/29","","","10.1111/ejn.16079"
"37245560","Allostatic-interoceptive anticipation of social rejection","Migeot J, Hesse E, Fittipaldi S, Mejía J, Fraile M, García AM, García MDC, Ortega R, Lawlor B, Lopez V, Ibáñez A.","Neuroimage. 2023 Aug 1;276:120200. doi: 10.1016/j.neuroimage.2023.120200. Epub 2023 May 26.","Migeot J","Neuroimage","2023","2023/05/28","PMC11163516","NIHMS1999560","10.1016/j.neuroimage.2023.120200"
"37239303","Brain State Relays Self-Processing and Heartbeat-Evoked Cortical Responses","Huang Y, Xie M, Liu Y, Zhang X, Jiang L, Bao H, Qin P, Han J.","Brain Sci. 2023 May 21;13(5):832. doi: 10.3390/brainsci13050832.","Huang Y","Brain Sci","2023","2023/05/27","PMC10216285","","10.3390/brainsci13050832"
"37230745","Changes in the heartbeat-evoked potential are associated with functional seizures","Elkommos S, Martin-Lopez D, Koreki A, Jolliffe C, Kandasamy R, Mula M, Critchley HD, Edwards MJ, Garfinkel S, Richardson MP, Yogarajah M.","J Neurol Neurosurg Psychiatry. 2023 Sep;94(9):769-775. doi: 10.1136/jnnp-2022-330167. Epub 2023 May 25.","Elkommos S","J Neurol Neurosurg Psychiatry","2023","2023/05/25","","","10.1136/jnnp-2022-330167"
"37078023","Enhanced external counterpulsation modulates the heartbeat evoked potential","Liu H, Liang H, Yu X, Wang G, Han Y, Yan M, Li S, Wang W.","Front Physiol. 2023 Apr 3;14:1144073. doi: 10.3389/fphys.2023.1144073. eCollection 2023.","Liu H","Front Physiol","2023","2023/04/20","PMC10106756","","10.3389/fphys.2023.1144073"
"37070749","Modulation of the heartbeat evoked cortical potential by hypnotizability and hypnosis","Callara AL, Fontanelli L, Belcari I, Rho G, Greco A, Zelič Ž, Sebastiani L, Santarcangelo EL.","Psychophysiology. 2023 Sep;60(9):e14309. doi: 10.1111/psyp.14309. Epub 2023 Apr 18.","Callara AL","Psychophysiology","2023","2023/04/18","","","10.1111/psyp.14309"
"36927872","Heartbeat-Evoked Potential in Major Depressive Disorder: A Biomarker for Differential Treatment Prediction between Venlafaxine and rTMS?","Zwienenberg L, van Dijk H, Enriquez-Geppert S, van der Vinne N, Gevirtz R, Gordon E, Sack AT, Arns M.","Neuropsychobiology. 2023;82(3):158-167. doi: 10.1159/000529308. Epub 2023 Mar 16.","Zwienenberg L","Neuropsychobiology","2023","2023/03/17","","","10.1159/000529308"
"36910259","Complexity analysis of heartbeat-related signals in brain MRI time series as a potential biomarker for ageing and cognitive performance","López Pérez D, Bokde ALW, Kerskens CM.","Eur Phys J Spec Top. 2023;232(1):123-133. doi: 10.1140/epjs/s11734-022-00696-2. Epub 2022 Oct 21.","López Pérez D","Eur Phys J Spec Top","2023","2023/03/13","PMC9988766","","10.1140/epjs/s11734-022-00696-2"
"36841904","Autonomous sensory meridian response is associated with a larger heartbeat-evoked potential amplitude without differences in interoceptive awareness","Villena-Gonzalez M, Rojas-Thomas F, Morales-Torres R, López V.","Psychophysiology. 2023 Jun;60(6):e14277. doi: 10.1111/psyp.14277. Epub 2023 Feb 25.","Villena-Gonzalez M","Psychophysiology","2023","2023/02/25","","","10.1111/psyp.14277"
"36720392","Heart and brain traumatic stress biomarker analysis with and without machine learning: A scoping review","Rountree-Harrison D, Berkovsky S, Kangas M.","Int J Psychophysiol. 2023 Mar;185:27-49. doi: 10.1016/j.ijpsycho.2023.01.009. Epub 2023 Jan 30.","Rountree-Harrison D","Int J Psychophysiol","2023","2023/01/31","","","10.1016/j.ijpsycho.2023.01.009"
"36685762","Brain-heart interactions in the neurobiology of consciousness","Candia-Rivera D.","Curr Res Neurobiol. 2022 Aug 6;3:100050. doi: 10.1016/j.crneur.2022.100050. eCollection 2022.","Candia-Rivera D","Curr Res Neurobiol","2022","2023/01/23","PMC9846460","","10.1016/j.crneur.2022.100050"
"36610678","Whose emotion is it? Perspective matters to understand brain-body interactions in emotions","Engelen T, Buot A, Grèzes J, Tallon-Baudry C.","Neuroimage. 2023 Mar;268:119867. doi: 10.1016/j.neuroimage.2023.119867. Epub 2023 Jan 5.","Engelen T","Neuroimage","2023","2023/01/07","PMC9926012","","10.1016/j.neuroimage.2023.119867"
"36535320","Dual interaction between heartbeat-evoked responses and stimuli","Zhang Y, Zhang J, Xie M, Ding N, Zhang Y, Qin P.","Neuroimage. 2023 Feb 1;266:119817. doi: 10.1016/j.neuroimage.2022.119817. Epub 2022 Dec 16.","Zhang Y","Neuroimage","2023","2022/12/19","","","10.1016/j.neuroimage.2022.119817"
"36450811","Confounding effects of heart rate, breathing rate, and frontal fNIRS on interoception","Candia-Rivera D, Sappia MS, Horschig JM, Colier WNJM, Valenza G.","Sci Rep. 2022 Nov 30;12(1):20701. doi: 10.1038/s41598-022-25119-z.","Candia-Rivera D","Sci Rep","2022","2022/11/30","PMC9712694","","10.1038/s41598-022-25119-z"
"36265997","Attenuation of the Heartbeat-Evoked Potential in Patients With Atrial Fibrillation","Kumral D, Al E, Cesnaite E, Kornej J, Sander C, Hensch T, Zeynalova S, Tautenhahn S, Hagendorf A, Laufs U, Wachter R, Nikulin V, Villringer A.","JACC Clin Electrophysiol. 2022 Oct;8(10):1219-1230. doi: 10.1016/j.jacep.2022.06.019. Epub 2022 Aug 31.","Kumral D","JACC Clin Electrophysiol","2022","2022/10/20","","","10.1016/j.jacep.2022.06.019"
"36161147","Effects of 24-h acute total sleep deprivation on physiological coupling in healthy young adults","Liu H, Yu X, Wang G, Han Y, Wang W.","Front Neurosci. 2022 Sep 8;16:952329. doi: 10.3389/fnins.2022.952329. eCollection 2022.","Liu H","Front Neurosci","2022","2022/09/26","PMC9493191","","10.3389/fnins.2022.952329"
"36152562","Response to the Commentary on the paper ""The heartbeat evoked potential is a questionable biomarker in nightmare disorder: A replication study. By Bogdany, T., Perakakis, P., Bodizs, R., Simor, P., 2021. NeuroImage Clin. 33, 102933""","","Neuroimage Clin. 2022;36:103197. doi: 10.1016/j.nicl.2022.103197. Epub 2022 Sep 21.","","Neuroimage Clin","2022","2022/09/24","PMC9508493","","10.1016/j.nicl.2022.103197"
"36137497","Commentary on the paper ""The heartbeat evoked potential is a questionable biomarker in nightmare disorder: A replication study. By Bogdany, T., Perakakis, P., Bodizs, R., Simor, P., 2021. Neuroimage Clin 33, 102933""","Perogamvros L, Park HD, Schwartz S.","Neuroimage Clin. 2022;36:103196. doi: 10.1016/j.nicl.2022.103196. Epub 2022 Sep 19.","Perogamvros L","Neuroimage Clin","2022","2022/09/22","PMC9493136","","10.1016/j.nicl.2022.103196"
"36034270","Dynamic coupling between the central and autonomic cardiac nervous systems in patients with refractory epilepsy: A pilot study","Melo E, Fiel J, Milhomens R, Ribeiro T, Navegantes R, Gomes F, Duarte Gomes B, Pereira A.","Front Neurol. 2022 Aug 10;13:904052. doi: 10.3389/fneur.2022.904052. eCollection 2022.","Melo E","Front Neurol","2022","2022/08/29","PMC9400810","","10.3389/fneur.2022.904052"
"35964864","Brain-heart interactions are modulated across the respiratory cycle via interoceptive attention","Zaccaro A, Perrucci MG, Parrotta E, Costantini M, Ferri F.","Neuroimage. 2022 Nov 15;262:119548. doi: 10.1016/j.neuroimage.2022.119548. Epub 2022 Aug 11.","Zaccaro A","Neuroimage","2022","2022/08/14","","","10.1016/j.neuroimage.2022.119548"
"35572002","Brain-Heart Interaction and the Experience of Flow While Playing a Video Game","Khoshnoud S, Alvarez Igarzábal F, Wittmann M.","Front Hum Neurosci. 2022 Apr 28;16:819834. doi: 10.3389/fnhum.2022.819834. eCollection 2022.","Khoshnoud S","Front Hum Neurosci","2022","2022/05/16","PMC9096496","","10.3389/fnhum.2022.819834"
"35491275","Allostatic-Interoceptive Overload in Frontotemporal Dementia","Birba A, Santamaría-García H, Prado P, Cruzat J, Ballesteros AS, Legaz A, Fittipaldi S, Duran-Aniotz C, Slachevsky A, Santibañez R, Sigman M, García AM, Whelan R, Moguilner S, Ibáñez A.","Biol Psychiatry. 2022 Jul 1;92(1):54-67. doi: 10.1016/j.biopsych.2022.02.955. Epub 2022 Feb 24.","Birba A","Biol Psychiatry","2022","2022/05/01","PMC11184918","NIHMS1998262","10.1016/j.biopsych.2022.02.955"
"35479498","Interoception Dysfunction Contributes to the Negative Emotional Bias in Major Depressive Disorder","Zhou H, Zou H, Dai Z, Zhao S, Hua L, Xia Y, Han Y, Yan R, Tang H, Huang Y, Du Y, Wang X, Yao Z, Lu Q.","Front Psychiatry. 2022 Apr 11;13:874859. doi: 10.3389/fpsyt.2022.874859. eCollection 2022.","Zhou H","Front Psychiatry","2022","2022/04/28","PMC9035634","","10.3389/fpsyt.2022.874859"
"35346793","Response inhibition is disrupted by interoceptive processing at cardiac systole","Ren Q, Marshall AC, Kaiser J, Schütz-Bosbach S.","Biol Psychol. 2022 Apr;170:108323. doi: 10.1016/j.biopsycho.2022.108323. Epub 2022 Mar 25.","Ren Q","Biol Psychol","2022","2022/03/29","","","10.1016/j.biopsycho.2022.108323"
"35339684","Steady-state visual evoked potentials differentiate between internally and externally directed attention","Kritzman L, Eidelman-Rothman M, Keil A, Freche D, Sheppes G, Levit-Binnun N.","Neuroimage. 2022 Jul 1;254:119133. doi: 10.1016/j.neuroimage.2022.119133. Epub 2022 Mar 23.","Kritzman L","Neuroimage","2022","2022/03/27","","","10.1016/j.neuroimage.2022.119133"
"35321264","Past and Future Explanations for Depersonalization and Derealization Disorder: A Role for Predictive Coding","Gatus A, Jamieson G, Stevenson B.","Front Hum Neurosci. 2022 Mar 7;16:744487. doi: 10.3389/fnhum.2022.744487. eCollection 2022.","Gatus A","Front Hum Neurosci","2022","2022/03/24","PMC8934883","","10.3389/fnhum.2022.744487"
"35182753","From the inside out: Interoceptive feedback facilitates the integration of visceral signals for efficient sensory processing","Marshall AC, Gentsch-Ebrahimzadeh A, Schütz-Bosbach S.","Neuroimage. 2022 May 1;251:119011. doi: 10.1016/j.neuroimage.2022.119011. Epub 2022 Feb 16.","Marshall AC","Neuroimage","2022","2022/02/19","","","10.1016/j.neuroimage.2022.119011"
"34990964","The heartbeat evoked potential is a questionable biomarker in nightmare disorder: A replication study","Bogdány T, Perakakis P, Bódizs R, Simor P.","Neuroimage Clin. 2022;33:102933. doi: 10.1016/j.nicl.2021.102933. Epub 2021 Dec 31.","Bogdány T","Neuroimage Clin","2022","2022/01/06","PMC8743245","","10.1016/j.nicl.2021.102933"
"34933143","Auricular transcutaneous vagus nerve stimulation modulates the heart-evoked potential","Poppa T, Benschop L, Horczak P, Vanderhasselt MA, Carrette E, Bechara A, Baeken C, Vonck K.","Brain Stimul. 2022 Jan-Feb;15(1):260-269. doi: 10.1016/j.brs.2021.12.004. Epub 2021 Dec 18.","Poppa T","Brain Stimul","2022","2021/12/21","","","10.1016/j.brs.2021.12.004"
"34804381","Heartbeat evoked potentials in patients with post-traumatic stress disorder: an unaltered neurobiological regulation system?","Schmitz M, Müller LE, Seitz KI, Schulz A, Steinmann S, Herpertz SC, Bertsch K.","Eur J Psychotraumatol. 2021 Nov 17;12(1):1987686. doi: 10.1080/20008198.2021.1987686. eCollection 2021.","Schmitz M","Eur J Psychotraumatol","2021","2021/11/22","PMC8604531","","10.1080/20008198.2021.1987686"
"34733176","Anti-Heartbeat-Evoked Potentials Performance in Event-Related Potentials-Based Mental Workload Assessment","Park S, Ha J, Kim L.","Front Physiol. 2021 Oct 18;12:744071. doi: 10.3389/fphys.2021.744071. eCollection 2021.","Park S","Front Physiol","2021","2021/11/04","PMC8558224","","10.3389/fphys.2021.744071"
"34688923","Interoception Underlies Therapeutic Effects of Mindfulness Meditation for Posttraumatic Stress Disorder: A Randomized Clinical Trial","Kang SS, Sponheim SR, Lim KO.","Biol Psychiatry Cogn Neurosci Neuroimaging. 2022 Aug;7(8):793-804. doi: 10.1016/j.bpsc.2021.10.005. Epub 2021 Oct 21.","Kang SS","Biol Psychiatry Cogn Neurosci Neuroimaging","2022","2021/10/24","","","10.1016/j.bpsc.2021.10.005"
"34624402","How do we relate to our heart? Neurobehavioral differences across three types of engagement with cardiac interoception","Hodossy L, Ainley V, Tsakiris M.","Biol Psychol. 2021 Oct;165:108198. doi: 10.1016/j.biopsycho.2021.108198. Epub 2021 Oct 6.","Hodossy L","Biol Psychol","2021","2021/10/08","","","10.1016/j.biopsycho.2021.108198"
"34554380","Modulation of Heart and Brain Function by Surah Al-Rehman Recitation Among Distressed Diabetic Patients in Pakistan","Majeed U, Aftab MF, Baloch DM, Ahmed S, Yusuf IM, Hasan MA, Qureshi MS.","J Relig Health. 2022 Oct;61(5):3852-3865. doi: 10.1007/s10943-021-01431-2. Epub 2021 Sep 23.","Majeed U","J Relig Health","2022","2021/09/23","","","10.1007/s10943-021-01431-2"
"34503434","The Fundamental Basis of Palpitations: A Neurocardiology Approach","Kandiah JW, Blumberger DM, Rabkin SW.","Curr Cardiol Rev. 2022;18(3):e090921196306. doi: 10.2174/1573403X17666210909123930.","Kandiah JW","Curr Cardiol Rev","2022","2021/09/10","PMC9615214","","10.2174/1573403X17666210909123930"
"34482968","Weaker implicit interoception is associated with more negative body image: Evidence from gastric-alpha phase amplitude coupling and the heartbeat evoked potential","Todd J, Cardellicchio P, Swami V, Cardini F, Aspell JE.","Cortex. 2021 Oct;143:254-266. doi: 10.1016/j.cortex.2021.07.006. Epub 2021 Sep 2.","Todd J","Cortex","2021","2021/09/06","","","10.1016/j.cortex.2021.07.006"
"34439708","Heartbeat-Evoked Cortical Potential during Sleep and Interoceptive Sensitivity: A Matter of Hypnotizability","Billeci L, Faraguna U, Santarcangelo EL, d'Ascanio P, Varanini M, Sebastiani L.","Brain Sci. 2021 Aug 19;11(8):1089. doi: 10.3390/brainsci11081089.","Billeci L","Brain Sci","2021","2021/08/27","PMC8391801","","10.3390/brainsci11081089"
"34416348","Does stroke volume influence heartbeat evoked responses?","Buot A, Azzalini D, Chaumon M, Tallon-Baudry C.","Biol Psychol. 2021 Oct;165:108165. doi: 10.1016/j.biopsycho.2021.108165. Epub 2021 Aug 17.","Buot A","Biol Psychol","2021","2021/08/20","","","10.1016/j.biopsycho.2021.108165"
"34296123","Skipping a Beat: Heartbeat-Evoked Potentials Reflect Predictions during Interoceptive-Exteroceptive Integration","Banellis L, Cruse D.","Cereb Cortex Commun. 2020 Sep 1;1(1):tgaa060. doi: 10.1093/texcom/tgaa060. eCollection 2020.","Banellis L","Cereb Cortex Commun","2020","2021/07/23","PMC8153056","","10.1093/texcom/tgaa060"
"34267619","Short-Term Fasting and Ingestion of Caloric Drinks Affect Heartbeat-Evoked Potentials and Autonomic Nervous System Activity in Males","Flasbeck V, Bamberg C, Brüne M.","Front Neurosci. 2021 Jun 29;15:622428. doi: 10.3389/fnins.2021.622428. eCollection 2021.","Flasbeck V","Front Neurosci","2021","2021/07/16","PMC8276132","","10.3389/fnins.2021.622428"
"34227116","The heartbeat evoked potential does not support strong interoceptive sensibility in trait mindfulness","Verdonk C, Trousselard M, Di Bernardi Luft C, Medani T, Billaud JB, Ramdani C, Canini F, Claverie D, Jaumard-Hakoun A, Vialatte F.","Psychophysiology. 2021 Oct;58(10):e13891. doi: 10.1111/psyp.13891. Epub 2021 Jul 5.","Verdonk C","Psychophysiology","2021","2021/07/06","","","10.1111/psyp.13891"
"34171310","The role of electroencephalography electrical reference in the assessment of functional brain-heart interplay: From methodology to user guidelines","Candia-Rivera D, Catrambone V, Valenza G.","J Neurosci Methods. 2021 Aug 1;360:109269. doi: 10.1016/j.jneumeth.2021.109269. Epub 2021 Jun 24.","Candia-Rivera D","J Neurosci Methods","2021","2021/06/25","","","10.1016/j.jneumeth.2021.109269"
"34111514","Heartbeat and somatosensory perception","Al E, Iliopoulos F, Nikulin VV, Villringer A.","Neuroimage. 2021 Sep;238:118247. doi: 10.1016/j.neuroimage.2021.118247. Epub 2021 Jun 7.","Al E","Neuroimage","2021","2021/06/10","","","10.1016/j.neuroimage.2021.118247"
"33926998","Responses to Heartbeats in Ventromedial Prefrontal Cortex Contribute to Subjective Preference-Based Decisions","Azzalini D, Buot A, Palminteri S, Tallon-Baudry C.","J Neurosci. 2021 Jun 9;41(23):5102-5114. doi: 10.1523/JNEUROSCI.1932-20.2021. Epub 2021 Apr 29.","Azzalini D","J Neurosci","2021","2021/04/30","PMC8197644","","10.1523/JNEUROSCI.1932-20.2021"
"33870427","Cortical monitoring of cardiac activity during rapid eye movement sleep: the heartbeat evoked potential in phasic and tonic rapid-eye-movement microstates","Simor P, Bogdány T, Bódizs R, Perakakis P.","Sleep. 2021 Sep 13;44(9):zsab100. doi: 10.1093/sleep/zsab100.","Simor P","Sleep","2021","2021/04/19","PMC8633618","","10.1093/sleep/zsab100"
"33837866","Acoustic radiation force impulse under clinical conditions with single infusion of ultrasound contrast agent evoking arrhythmias in rabbit heart","Rifu K, Sasanuma H, Takayama N, Nitta N, Ogata Y, Akiyama I, Taniguchi N.","J Med Ultrason (2001). 2021 Apr;48(2):137-144. doi: 10.1007/s10396-021-01085-3. Epub 2021 Apr 10.","Rifu K","J Med Ultrason (2001)","2021","2021/04/10","","","10.1007/s10396-021-01085-3"
"33827935","Interoception Primes Emotional Processing: Multimodal Evidence from Neurodegeneration","Salamone PC, Legaz A, Sedeño L, Moguilner S, Fraile-Vazquez M, Campo CG, Fittipaldi S, Yoris A, Miranda M, Birba A, Galiani A, Abrevaya S, Neely A, Caro MM, Alifano F, Villagra R, Anunziata F, Okada de Oliveira M, Pautassi RM, Slachevsky A, Serrano C, García AM, Ibañez A.","J Neurosci. 2021 May 12;41(19):4276-4292. doi: 10.1523/JNEUROSCI.2578-20.2021. Epub 2021 Apr 7.","Salamone PC","J Neurosci","2021","2021/04/08","PMC8143206","","10.1523/JNEUROSCI.2578-20.2021"
"33758019","Neural Responses to Heartbeats Detect Residual Signs of Consciousness during Resting State in Postcomatose Patients","Candia-Rivera D, Annen J, Gosseries O, Martial C, Thibaut A, Laureys S, Tallon-Baudry C.","J Neurosci. 2021 Jun 16;41(24):5251-5262. doi: 10.1523/JNEUROSCI.1740-20.2021. Epub 2021 Mar 23.","Candia-Rivera D","J Neurosci","2021","2021/03/24","PMC8211547","","10.1523/JNEUROSCI.1740-20.2021"
"33686522","The perspectives of mapping and monitoring of the sense of self in neurosurgical patients","Schaller K, Iannotti GR, Orepic P, Betka S, Haemmerli J, Boex C, Alcoba-Banqueri S, Garin DFA, Herbelin B, Park HD, Michel CM, Blanke O.","Acta Neurochir (Wien). 2021 May;163(5):1213-1226. doi: 10.1007/s00701-021-04778-3. Epub 2021 Mar 8.","Schaller K","Acta Neurochir (Wien)","2021","2021/03/09","PMC8053654","","10.1007/s00701-021-04778-3"
"33504952","Out-of-step: brain-heart desynchronization in anxiety disorders","Tumati S, Paulus MP, Northoff G.","Mol Psychiatry. 2021 Jun;26(6):1726-1737. doi: 10.1038/s41380-021-01029-w. Epub 2021 Jan 27.","Tumati S","Mol Psychiatry","2021","2021/01/28","","","10.1038/s41380-021-01029-w"
"33450331","Systematic review and meta-analysis of the relationship between the heartbeat-evoked potential and interoception","Coll MP, Hobson H, Bird G, Murphy J.","Neurosci Biobehav Rev. 2021 Mar;122:190-200. doi: 10.1016/j.neubiorev.2020.12.012. Epub 2021 Jan 13.","Coll MP","Neurosci Biobehav Rev","2021","2021/01/15","","","10.1016/j.neubiorev.2020.12.012"
"33450326","Time is body: Multimodal evidence of crosstalk between interoception and time estimation","Richter F, Ibáñez A.","Biol Psychol. 2021 Feb;159:108017. doi: 10.1016/j.biopsycho.2021.108017. Epub 2021 Jan 12.","Richter F","Biol Psychol","2021","2021/01/15","","","10.1016/j.biopsycho.2021.108017"
"33406407","Older adults show a higher heartbeat-evoked potential than young adults and a negative association with everyday metacognition","Kamp SM, Schulz A, Forester G, Domes G.","Brain Res. 2021 Feb 1;1752:147238. doi: 10.1016/j.brainres.2020.147238. Epub 2021 Jan 3.","Kamp SM","Brain Res","2021","2021/01/06","","","10.1016/j.brainres.2020.147238"
"33325575","Behavioral and neurophysiological signatures of interoceptive enhancements following vagus nerve stimulation","Richter F, García AM, Rodriguez Arriagada N, Yoris A, Birba A, Huepe D, Zimmer H, Ibáñez A, Sedeño L.","Hum Brain Mapp. 2021 Apr 1;42(5):1227-1242. doi: 10.1002/hbm.25288. Epub 2020 Dec 16.","Richter F","Hum Brain Mapp","2021","2020/12/16","PMC7927286","","10.1002/hbm.25288"
"33101689","Altered interoception in patients with borderline personality disorder: a study using heartbeat-evoked potentials","Flasbeck V, Popkirov S, Ebert A, Brüne M.","Borderline Personal Disord Emot Dysregul. 2020 Oct 22;7:24. doi: 10.1186/s40479-020-00139-1. eCollection 2020.","Flasbeck V","Borderline Personal Disord Emot Dysregul","2020","2020/10/26","PMC7579937","","10.1186/s40479-020-00139-1"
"33018049","Methodological Considerations on EEG Electrical Reference: A Functional Brain-Heart Interplay Study","Candia-Rivera D, Catrambone V, Valenza G.","Annu Int Conf IEEE Eng Med Biol Soc. 2020 Jul;2020:553-556. doi: 10.1109/EMBC44109.2020.9175226.","Candia-Rivera D","Annu Int Conf IEEE Eng Med Biol Soc","2020","2020/10/06","","","10.1109/EMBC44109.2020.9175226"
"32965070","Heart-brain interactions during social and cognitive stress in hypertensive disease: A multidimensional approach","Legaz A, Yoris A, Sedeño L, Abrevaya S, Martorell M, Alifano F, García AM, Ibañez A.","Eur J Neurosci. 2022 May;55(9-10):2836-2850. doi: 10.1111/ejn.14979. Epub 2020 Dec 17.","Legaz A","Eur J Neurosci","2022","2020/09/23","PMC8231407","NIHMS1708615","10.1111/ejn.14979"
"32954340","Dynamic neurocognitive changes in interoception after heart transplant","Salamone PC, Sedeño L, Legaz A, Bekinschtein T, Martorell M, Adolfi F, Fraile-Vazquez M, Rodríguez Arriagada N, Favaloro L, Peradejordi M, Absi DO, García AM, Favaloro R, Ibáñez A.","Brain Commun. 2020 Jul 8;2(2):fcaa095. doi: 10.1093/braincomms/fcaa095. eCollection 2020.","Salamone PC","Brain Commun","2020","2020/09/21","PMC7472900","","10.1093/braincomms/fcaa095"
"32866840","Distinctive body perception mechanisms in high versus low symptom reporters: A neurophysiological model for medically-unexplained symptoms","Schulz A, Rost S, Flasinski T, Dierolf AM, Lutz APC, Münch EE, Mertens VC, Witthöft M, Vögele C.","J Psychosom Res. 2020 Aug 22;137:110223. doi: 10.1016/j.jpsychores.2020.110223. Online ahead of print.","Schulz A","J Psychosom Res","2020","2020/09/01","","","10.1016/j.jpsychores.2020.110223"
"32846163","Symptoms of depersonalisation/derealisation disorder as measured by brain electrical activity: A systematic review","Salami A, Andreu-Perez J, Gillmeister H.","Neurosci Biobehav Rev. 2020 Nov;118:524-537. doi: 10.1016/j.neubiorev.2020.08.011. Epub 2020 Aug 23.","Salami A","Neurosci Biobehav Rev","2020","2020/08/27","","","10.1016/j.neubiorev.2020.08.011"
"32792994","Alterations of Heartbeat Evoked Magnetic Fields Induced by Sounds of Disgust","Kato Y, Takei Y, Umeda S, Mimura M, Fukuda M.","Front Psychiatry. 2020 Jul 22;11:683. doi: 10.3389/fpsyt.2020.00683. eCollection 2020.","Kato Y","Front Psychiatry","2020","2020/08/15","PMC7387694","","10.3389/fpsyt.2020.00683"
"32438047","Behavioral and neurophysiological evidence for altered interoceptive bodily processing in chronic pain","Solcà M, Park HD, Bernasconi F, Blanke O.","Neuroimage. 2020 Aug 15;217:116902. doi: 10.1016/j.neuroimage.2020.116902. Epub 2020 May 11.","Solcà M","Neuroimage","2020","2020/05/22","","","10.1016/j.neuroimage.2020.116902"
"32341167","Heart-brain interactions shape somatosensory perception and evoked potentials","Al E, Iliopoulos F, Forschack N, Nierhaus T, Grund M, Motyka P, Gaebler M, Nikulin VV, Villringer A.","Proc Natl Acad Sci U S A. 2020 May 12;117(19):10575-10584. doi: 10.1073/pnas.1915629117. Epub 2020 Apr 27.","Al E","Proc Natl Acad Sci U S A","2020","2020/04/29","PMC7229654","","10.1073/pnas.1915629117"
"32101777","A multidimensional and multi-feature framework for cardiac interoception","Fittipaldi S, Abrevaya S, Fuente A, Pascariello GO, Hesse E, Birba A, Salamone P, Hildebrandt M, Martí SA, Pautassi RM, Huepe D, Martorell MM, Yoris A, Roca M, García AM, Sedeño L, Ibáñez A.","Neuroimage. 2020 May 15;212:116677. doi: 10.1016/j.neuroimage.2020.116677. Epub 2020 Feb 23.","Fittipaldi S","Neuroimage","2020","2020/02/27","PMC7165068","NIHMS1570062","10.1016/j.neuroimage.2020.116677"
"31846808","Heart and brain: Cortical representation of cardiac signals is disturbed in borderline personality disorder, but unaffected by oxytocin administration","Schmitz M, Müller LE, Schulz A, Kleindienst N, Herpertz SC, Bertsch K.","J Affect Disord. 2020 Mar 1;264:24-28. doi: 10.1016/j.jad.2019.11.139. Epub 2019 Nov 30.","Schmitz M","J Affect Disord","2020","2019/12/18","","","10.1016/j.jad.2019.11.139"
"31543837","Altered Interoceptive Processing in Generalized Anxiety Disorder-A Heartbeat-Evoked Potential Research","Pang J, Tang X, Li H, Hu Q, Cui H, Zhang L, Li W, Zhu Z, Wang J, Li C.","Front Psychiatry. 2019 Sep 5;10:616. doi: 10.3389/fpsyt.2019.00616. eCollection 2019.","Pang J","Front Psychiatry","2019","2019/09/24","PMC6739601","","10.3389/fpsyt.2019.00616"
"31362956","Heartbeat Induces a Cortical Theta-Synchronized Network in the Resting State","Kim J, Jeong B.","eNeuro. 2019 Aug 8;6(4):ENEURO.0200-19.2019. doi: 10.1523/ENEURO.0200-19.2019. Print 2019 Jul/Aug.","Kim J","eNeuro","2019","2019/08/01","PMC6709221","","10.1523/ENEURO.0200-19.2019"
"31323488","Enhanced cortical processing of cardio-afferent signals in anorexia nervosa","Lutz APC, Schulz A, Voderholzer U, Koch S, van Dyck Z, Vögele C.","Clin Neurophysiol. 2019 Sep;130(9):1620-1627. doi: 10.1016/j.clinph.2019.06.009. Epub 2019 Jul 2.","Lutz APC","Clin Neurophysiol","2019","2019/07/20","","","10.1016/j.clinph.2019.06.009"
"31259589","Interoceptive cardiac expectations to emotional stimuli predict visual perception","Marshall AC, Gentsch A, Schütz-Bosbach S.","Emotion. 2020 Oct;20(7):1113-1126. doi: 10.1037/emo0000631. Epub 2019 Jul 1.","Marshall AC","Emotion","2020","2019/07/02","","","10.1037/emo0000631"
"31153913","Affective and temporal orientation of thoughts: Electrophysiological evidence","Ito Y, Shibata M, Tanaka Y, Terasawa Y, Umeda S.","Brain Res. 2019 Sep 15;1719:148-156. doi: 10.1016/j.brainres.2019.05.041. Epub 2019 May 30.","Ito Y","Brain Res","2019","2019/06/03","","","10.1016/j.brainres.2019.05.041"
"31051293","Heartbeat-evoked cortical responses: Underlying mechanisms, functional roles, and methodological considerations","Park HD, Blanke O.","Neuroimage. 2019 Aug 15;197:502-511. doi: 10.1016/j.neuroimage.2019.04.081. Epub 2019 Apr 30.","Park HD","Neuroimage","2019","2019/05/04","","","10.1016/j.neuroimage.2019.04.081"
"31044844","IR-camera-based measurements of 2D/3D cognitive fatigue in 2D/3D display system using task-evoked pupillary response","Park S, Mun S, Lee DW, Whang M.","Appl Opt. 2019 May 1;58(13):3467-3480. doi: 10.1364/AO.58.003467.","Park S","Appl Opt","2019","2019/05/03","","","10.1364/AO.58.003467"
"30867552","Multimodal neurocognitive markers of interoceptive tuning in smoked cocaine","de la Fuente A, Sedeño L, Vignaga SS, Ellmann C, Sonzogni S, Belluscio L, García-Cordero I, Castagnaro E, Boano M, Cetkovich M, Torralva T, Cánepa ET, Tagliazucchi E, Garcia AM, Ibañez A.","Neuropsychopharmacology. 2019 Jul;44(8):1425-1434. doi: 10.1038/s41386-019-0370-3. Epub 2019 Mar 13.","de la Fuente A","Neuropsychopharmacology","2019","2019/03/15","PMC6784987","","10.1038/s41386-019-0370-3"
"30826212","Coupling Inner and Outer Body for Self-Consciousness","Park HD, Blanke O.","Trends Cogn Sci. 2019 May;23(5):377-388. doi: 10.1016/j.tics.2019.02.002. Epub 2019 Feb 27.","Park HD","Trends Cogn Sci","2019","2019/03/04","","","10.1016/j.tics.2019.02.002"
"30776528","I feel what I do: Relating interoceptive processes and reward-related behavior","Marshall AC, Gentsch A, Blum AL, Broering C, Schütz-Bosbach S.","Neuroimage. 2019 May 1;191:315-324. doi: 10.1016/j.neuroimage.2019.02.032. Epub 2019 Feb 16.","Marshall AC","Neuroimage","2019","2019/02/19","","","10.1016/j.neuroimage.2019.02.032"
"30739843","Increased heartbeat-evoked potential during REM sleep in nightmare disorder","Perogamvros L, Park HD, Bayer L, Perrault AA, Blanke O, Schwartz S.","Neuroimage Clin. 2019;22:101701. doi: 10.1016/j.nicl.2019.101701. Epub 2019 Jan 29.","Perogamvros L","Neuroimage Clin","2019","2019/02/12","PMC6370851","","10.1016/j.nicl.2019.101701"
"30738205","Neural responses to heartbeats distinguish self from other during imagination","Babo-Rebelo M, Buot A, Tallon-Baudry C.","Neuroimage. 2019 May 1;191:10-20. doi: 10.1016/j.neuroimage.2019.02.012. Epub 2019 Feb 7.","Babo-Rebelo M","Neuroimage","2019","2019/02/10","PMC6503945","","10.1016/j.neuroimage.2019.02.012"
"30674995","Sad faces increase the heartbeat-associated interoceptive information flow within the salience network: a MEG study","Kim J, Park HD, Kim KW, Shin DW, Lim S, Kwon H, Kim MY, Kim K, Jeong B.","Sci Rep. 2019 Jan 23;9(1):430. doi: 10.1038/s41598-018-36498-7.","Kim J","Sci Rep","2019","2019/01/25","PMC6344475","","10.1038/s41598-018-36498-7"
"30472370","Focus of attention modulates the heartbeat evoked potential","Petzschner FH, Weber LA, Wellstein KV, Paolini G, Do CT, Stephan KE.","Neuroimage. 2019 Feb 1;186:595-606. doi: 10.1016/j.neuroimage.2018.11.037. Epub 2018 Nov 22.","Petzschner FH","Neuroimage","2019","2018/11/26","","","10.1016/j.neuroimage.2018.11.037"
"30290212","The relationship between social anxiety and heartbeat evoked potential amplitude","Judah MR, Shurkova EY, Hager NM, White EJ, Taylor DL, Grant DM.","Biol Psychol. 2018 Nov;139:1-7. doi: 10.1016/j.biopsycho.2018.09.013. Epub 2018 Oct 2.","Judah MR","Biol Psychol","2018","2018/10/06","","","10.1016/j.biopsycho.2018.09.013"
"30159945","Affective interoceptive inference: Evidence from heart-beat evoked brain potentials","Gentsch A, Sel A, Marshall AC, Schütz-Bosbach S.","Hum Brain Mapp. 2019 Jan;40(1):20-33. doi: 10.1002/hbm.24352. Epub 2018 Aug 30.","Gentsch A","Hum Brain Mapp","2019","2018/08/31","PMC6865546","","10.1002/hbm.24352"
"30076770","Altered neural signatures of interoception in multiple sclerosis","Salamone PC, Esteves S, Sinay VJ, García-Cordero I, Abrevaya S, Couto B, Adolfi F, Martorell M, Petroni A, Yoris A, Torquati K, Alifano F, Legaz A, Cassará FP, Bruno D, Kemp AH, Herrera E, García AM, Ibáñez A, Sedeño L.","Hum Brain Mapp. 2018 Dec;39(12):4743-4754. doi: 10.1002/hbm.24319. Epub 2018 Aug 4.","Salamone PC","Hum Brain Mapp","2018","2018/08/05","PMC6866398","","10.1002/hbm.24319"
"29944962","Interoception is associated with heartbeat-evoked brain potentials (HEPs) in adolescents","Mai S, Wong CK, Georgiou E, Pollatos O.","Biol Psychol. 2018 Sep;137:24-33. doi: 10.1016/j.biopsycho.2018.06.007. Epub 2018 Jun 23.","Mai S","Biol Psychol","2018","2018/06/27","","","10.1016/j.biopsycho.2018.06.007"
"29868834","Cardiac interoceptive learning is modulated by emotional valence perceived from facial expressions","Marshall AC, Gentsch A, Schröder L, Schütz-Bosbach S.","Soc Cogn Affect Neurosci. 2018 Sep 4;13(7):677-686. doi: 10.1093/scan/nsy042.","Marshall AC","Soc Cogn Affect Neurosci","2018","2018/06/06","PMC6121145","","10.1093/scan/nsy042"
"29447999","Late heartbeat-evoked potentials are associated with survival after cardiac arrest","Schulz A, Stammet P, Dierolf AM, Vögele C, Beyenburg S, Werer C, Devaux Y.","Resuscitation. 2018 May;126:7-13. doi: 10.1016/j.resuscitation.2018.02.009. Epub 2018 Feb 12.","Schulz A","Resuscitation","2018","2018/02/16","","","10.1016/j.resuscitation.2018.02.009"
"29271093","Multilevel convergence of interoceptive impairments in hypertension: New evidence of disrupted body-brain interactions","Yoris A, Abrevaya S, Esteves S, Salamone P, Lori N, Martorell M, Legaz A, Alifano F, Petroni A, Sánchez R, Sedeño L, García AM, Ibáñez A.","Hum Brain Mapp. 2018 Apr;39(4):1563-1581. doi: 10.1002/hbm.23933. Epub 2017 Dec 21.","Yoris A","Hum Brain Mapp","2018","2017/12/23","PMC6866355","","10.1002/hbm.23933"
"29184095","Exteroceptive expectations modulate interoceptive processing: repetition-suppression effects for visual and heartbeat evoked potentials","Marshall AC, Gentsch A, Jelinčić V, Schütz-Bosbach S.","Sci Rep. 2017 Nov 28;7(1):16525. doi: 10.1038/s41598-017-16595-9.","Marshall AC","Sci Rep","2017","2017/11/30","PMC5705640","","10.1038/s41598-017-16595-9"
"29025323","Cardiovascular Autonomic Responses in the VCD Rat Model of Menopause: Effects of Short- and Long-Term Ovarian Failure","Huber DA, Bazilio D, Lorenzon F, Sehnem S, Pacheco L, Anselmo-Franci JA, Lima FB.","Reprod Sci. 2018 Jul;25(7):1093-1105. doi: 10.1177/1933719117734318. Epub 2017 Oct 12.","Huber DA","Reprod Sci","2018","2017/10/14","","","10.1177/1933719117734318"
"28784203","Neurobehavioral evidence of interoceptive sensitivity in early infancy","Maister L, Tang T, Tsakiris M.","Elife. 2017 Aug 8;6:e25318. doi: 10.7554/eLife.25318.","Maister L","Elife","2017","2017/08/09","PMC5548485","","10.7554/eLife.25318"
"28778551","Brain responses and self-reported indices of interoception: Heartbeat evoked potentials are inversely associated with worrying about body sensations","Baranauskas M, Grabauskaitė A, Griškova-Bulanova I.","Physiol Behav. 2017 Oct 15;180:1-7. doi: 10.1016/j.physbeh.2017.07.032. Epub 2017 Aug 1.","Baranauskas M","Physiol Behav","2017","2017/08/06","","","10.1016/j.physbeh.2017.07.032"
"28769749","Attention, in and Out: Scalp-Level and Intracranial EEG Correlates of Interoception and Exteroception","García-Cordero I, Esteves S, Mikulan EP, Hesse E, Baglivo FH, Silva W, García MDC, Vaucheret E, Ciraolo C, García HS, Adolfi F, Pietto M, Herrera E, Legaz A, Manes F, García AM, Sigman M, Bekinschtein TA, Ibáñez A, Sedeño L.","Front Neurosci. 2017 Jul 19;11:411. doi: 10.3389/fnins.2017.00411. eCollection 2017.","García-Cordero I","Front Neurosci","2017","2017/08/04","PMC5515904","","10.3389/fnins.2017.00411"
"28651745","The neural monitoring of visceral inputs, rather than attention, accounts for first-person perspective in conscious vision","Tallon-Baudry C, Campana F, Park HD, Babo-Rebelo M.","Cortex. 2018 May;102:139-149. doi: 10.1016/j.cortex.2017.05.019. Epub 2017 Jun 3.","Tallon-Baudry C","Cortex","2018","2017/06/28","","","10.1016/j.cortex.2017.05.019"
"28591822","Neural Sources and Underlying Mechanisms of Neural Responses to Heartbeats, and their Role in Bodily Self-consciousness: An Intracranial EEG Study","Park HD, Bernasconi F, Salomon R, Tallon-Baudry C, Spinelli L, Seeck M, Schaller K, Blanke O.","Cereb Cortex. 2018 Jul 1;28(7):2351-2364. doi: 10.1093/cercor/bhx136.","Park HD","Cereb Cortex","2018","2017/06/08","","","10.1093/cercor/bhx136"
"28560781","Attending to the heart is associated with posterior alpha band increase and a reduction in sensitivity to concurrent visual stimuli","Villena-González M, Moënne-Loccoz C, Lagos RA, Alliende LM, Billeke P, Aboitiz F, López V, Cosmelli D.","Psychophysiology. 2017 Oct;54(10):1483-1497. doi: 10.1111/psyp.12894. Epub 2017 May 31.","Villena-González M","Psychophysiology","2017","2017/06/01","","","10.1111/psyp.12894"
"28374658","The inner world of overactive monitoring: neural markers of interoception in obsessive-compulsive disorder","Yoris A, García AM, Traiber L, Santamaría-García H, Martorell M, Alifano F, Kichic R, Moser JS, Cetkovich M, Manes F, Ibáñez A, Sedeño L.","Psychol Med. 2017 Aug;47(11):1957-1970. doi: 10.1017/S0033291717000368. Epub 2017 Apr 4.","Yoris A","Psychol Med","2017","2017/04/05","","","10.1017/S0033291717000368"
"28080973","Changes in interoceptive processes following brain stimulation","Pollatos O, Herbert BM, Mai S, Kammer T.","Philos Trans R Soc Lond B Biol Sci. 2016 Nov 19;371(1708):20160016. doi: 10.1098/rstb.2016.0016. Epub 2016 Oct 10.","Pollatos O","Philos Trans R Soc Lond B Biol Sci","2016","2017/01/13","PMC5062104","","10.1098/rstb.2016.0016"
"28080965","Feeling, learning from and being aware of inner states: interoceptive dimensions in neurodegeneration and stroke","García-Cordero I, Sedeño L, de la Fuente L, Slachevsky A, Forno G, Klein F, Lillo P, Ferrari J, Rodriguez C, Bustin J, Torralva T, Baez S, Yoris A, Esteves S, Melloni M, Salamone P, Huepe D, Manes F, García AM, Ibañez A.","Philos Trans R Soc Lond B Biol Sci. 2016 Nov 19;371(1708):20160006. doi: 10.1098/rstb.2016.0006. Epub 2016 Oct 10.","García-Cordero I","Philos Trans R Soc Lond B Biol Sci","2016","2017/01/13","PMC5062096","","10.1098/rstb.2016.0006"
"28080963","Is the cardiac monitoring function related to the self in both the default network and right anterior insula?","Babo-Rebelo M, Wolpert N, Adam C, Hasboun D, Tallon-Baudry C.","Philos Trans R Soc Lond B Biol Sci. 2016 Nov 19;371(1708):20160004. doi: 10.1098/rstb.2016.0004. Epub 2016 Oct 10.","Babo-Rebelo M","Philos Trans R Soc Lond B Biol Sci","2016","2017/01/13","PMC5062094","","10.1098/rstb.2016.0004"
"27634787","I Keep a Close Watch on This Heart of Mine: Increased Interoception in Insomnia","Wei Y, Ramautar JR, Colombo MA, Stoffers D, Gómez-Herrero G, van der Meijden WP, Te Lindert BH, van der Werf YD, Van Someren EJ.","Sleep. 2016 Dec 1;39(12):2113-2124. doi: 10.5665/sleep.6308.","Wei Y","Sleep","2016","2016/09/17","PMC5103799","","10.5665/sleep.6308"
"27511016","Transient Modulations of Neural Responses to Heartbeats Covary with Bodily Self-Consciousness","Park HD, Bernasconi F, Bello-Ruiz J, Pfeiffer C, Salomon R, Blanke O.","J Neurosci. 2016 Aug 10;36(32):8453-60. doi: 10.1523/JNEUROSCI.0311-16.2016.","Park HD","J Neurosci","2016","2016/08/12","PMC6601861","","10.1523/JNEUROSCI.0311-16.2016"
"27466329","Neural Responses to Heartbeats in the Default Network Encode the Self in Spontaneous Thoughts","Babo-Rebelo M, Richter CG, Tallon-Baudry C.","J Neurosci. 2016 Jul 27;36(30):7829-40. doi: 10.1523/JNEUROSCI.0262-16.2016.","Babo-Rebelo M","J Neurosci","2016","2016/07/29","PMC4961773","","10.1523/JNEUROSCI.0262-16.2016"
"27078753","Cardiac modulation of startle is altered in depersonalization-/derealization disorder: Evidence for impaired brainstem representation of baro-afferent neural traffic","Schulz A, Matthey JH, Vögele C, Schaan V, Schächinger H, Adler J, Beutel ME, Michal M.","Psychiatry Res. 2016 Jun 30;240:4-10. doi: 10.1016/j.psychres.2016.03.051. Epub 2016 Apr 4.","Schulz A","Psychiatry Res","2016","2016/04/15","","","10.1016/j.psychres.2016.03.051"
"26818511","Microsaccades Are Coupled to Heartbeat","Ohl S, Wohltat C, Kliegl R, Pollatos O, Engbert R.","J Neurosci. 2016 Jan 27;36(4):1237-41. doi: 10.1523/JNEUROSCI.2211-15.2016.","Ohl S","J Neurosci","2016","2016/01/29","PMC6604821","","10.1523/JNEUROSCI.2211-15.2016"
"28334126","Heartfelt Self: Cardio-Visual Integration Affects Self-Face Recognition and Interoceptive Cortical Processing","Sel A, Azevedo RT, Tsakiris M.","Cereb Cortex. 2017 Nov 1;27(11):5144-5155. doi: 10.1093/cercor/bhw296.","Sel A","Cereb Cortex","2017","2017/03/24","","","10.1093/cercor/bhw296"
"26503014","Aroused with heart: Modulation of heartbeat evoked potential by arousal induction and its oscillatory correlates","Luft CD, Bhattacharya J.","Sci Rep. 2015 Oct 27;5:15717. doi: 10.1038/srep15717.","Luft CD","Sci Rep","2015","2015/10/28","PMC4621540","","10.1038/srep15717"
"26376409","Cortical Representation of Afferent Bodily Signals in Borderline Personality Disorder: Neural Correlates and Relationship to Emotional Dysregulation","Müller LE, Schulz A, Andermann M, Gäbel A, Gescher DM, Spohn A, Herpertz SC, Bertsch K.","JAMA Psychiatry. 2015 Nov;72(11):1077-86. doi: 10.1001/jamapsychiatry.2015.1252.","Müller LE","JAMA Psychiatry","2015","2015/09/17","","","10.1001/jamapsychiatry.2015.1252"
"26268858","Heartbeat-related EEG amplitude and phase modulations from wakefulness to deep sleep: Interactions with sleep spindles and slow oscillations","Lechinger J, Heib DP, Gruber W, Schabus M, Klimesch W.","Psychophysiology. 2015 Nov;52(11):1441-50. doi: 10.1111/psyp.12508. Epub 2015 Aug 13.","Lechinger J","Psychophysiology","2015","2015/08/14","","","10.1111/psyp.12508"
"26188392","Heart evoked potential triggers brain responses to natural affective scenes: A preliminary study","Couto B, Adolfi F, Velasquez M, Mesow M, Feinstein J, Canales-Johnson A, Mikulan E, Martínez-Pernía D, Bekinschtein T, Sigman M, Manes F, Ibanez A.","Auton Neurosci. 2015 Dec;193:132-7. doi: 10.1016/j.autneu.2015.06.006. Epub 2015 Jul 3.","Couto B","Auton Neurosci","2015","2015/07/20","","","10.1016/j.autneu.2015.06.006"
"25984819","Altered patterns of heartbeat-evoked potentials in depersonalization/derealization disorder: neurophysiological evidence for impaired cortical representation of bodily signals","Schulz A, Köster S, Beutel ME, Schächinger H, Vögele C, Rost S, Rauh M, Michal M.","Psychosom Med. 2015 Jun;77(5):506-16. doi: 10.1097/PSY.0000000000000195.","Schulz A","Psychosom Med","2015","2015/05/19","","","10.1097/PSY.0000000000000195"
"25912598","Effect of respiration on heartbeat-evoked potentials during sleep in children with sleep-disordered breathing","Baumert M, Pamula Y, Kohler M, Martin J, Kennedy D, Nalivaiko E, Immanuel SA.","Sleep Med. 2015 May;16(5):665-7. doi: 10.1016/j.sleep.2015.02.528. Epub 2015 Mar 9.","Baumert M","Sleep Med","2015","2015/04/28","","","10.1016/j.sleep.2015.02.528"
"25911524","Evaluation of 3D cognitive fatigue using heart-brain synchronization","Park S, Won MJ, Lee EC, Mun S, Park MC, Whang M.","Int J Psychophysiol. 2015 Aug;97(2):120-30. doi: 10.1016/j.ijpsycho.2015.04.006. Epub 2015 Apr 21.","Park S","Int J Psychophysiol","2015","2015/04/26","","","10.1016/j.ijpsycho.2015.04.006"
"25899708","Auditory Feedback Differentially Modulates Behavioral and Neural Markers of Objective and Subjective Performance When Tapping to Your Heartbeat","Canales-Johnson A, Silva C, Huepe D, Rivera-Rei Á, Noreika V, Garcia Mdel C, Silva W, Ciraolo C, Vaucheret E, Sedeño L, Couto B, Kargieman L, Baglivo F, Sigman M, Chennu S, Ibáñez A, Rodríguez E, Bekinschtein TA.","Cereb Cortex. 2015 Nov;25(11):4490-503. doi: 10.1093/cercor/bhv076. Epub 2015 Apr 21.","Canales-Johnson A","Cereb Cortex","2015","2015/04/23","PMC4816795","","10.1093/cercor/bhv076"
"25431244","Short-term food deprivation increases amplitudes of heartbeat-evoked potentials","Schulz A, Ferreira de Sá DS, Dierolf AM, Lutz A, van Dyck Z, Vögele C, Schächinger H.","Psychophysiology. 2015 May;52(5):695-703. doi: 10.1111/psyp.12388. Epub 2014 Nov 28.","Schulz A","Psychophysiology","2015","2014/11/29","","","10.1111/psyp.12388"
"25317937","Heartbeat evoked potentials during sleep and daytime behavior in children with sleep-disordered breathing","Immanuel SA, Pamula Y, Kohler M, Martin J, Kennedy D, Nalivaiko E, Saint DA, Baumert M.","Am J Respir Crit Care Med. 2014 Nov 15;190(10):1149-57. doi: 10.1164/rccm.201405-0920OC.","Immanuel SA","Am J Respir Crit Care Med","2014","2014/10/16","","","10.1164/rccm.201405-0920OC"
"23887813","The man who feels two hearts: the different pathways of interoception","Couto B, Salles A, Sedeño L, Peradejordi M, Barttfeld P, Canales-Johnson A, Dos Santos YV, Huepe D, Bekinschtein T, Sigman M, Favaloro R, Manes F, Ibanez A.","Soc Cogn Affect Neurosci. 2014 Sep;9(9):1253-60. doi: 10.1093/scan/nst108. Epub 2013 Jul 24.","Couto B","Soc Cogn Affect Neurosci","2014","2013/07/27","PMC4158360","","10.1093/scan/nst108"
"23850227","Cortisol rapidly affects amplitudes of heartbeat-evoked brain potentials--implications for the contribution of stress to an altered perception of physical sensations?","Schulz A, Strelzyk F, Ferreira de Sá DS, Naumann E, Vögele C, Schächinger H.","Psychoneuroendocrinology. 2013 Nov;38(11):2686-93. doi: 10.1016/j.psyneuen.2013.06.027. Epub 2013 Jul 11.","Schulz A","Psychoneuroendocrinology","2013","2013/07/16","","","10.1016/j.psyneuen.2013.06.027"
"23824262","Utilizing heartbeat evoked potentials to identify cardiac regulation of vagal afferents during emotion and resonant breathing","MacKinnon S, Gevirtz R, McCraty R, Brown M.","Appl Psychophysiol Biofeedback. 2013 Dec;38(4):241-55. doi: 10.1007/s10484-013-9226-5.","MacKinnon S","Appl Psychophysiol Biofeedback","2013","2013/07/05","","","10.1007/s10484-013-9226-5"
"23684883","Heart cycle-related effects on event-related potentials, spectral power changes, and connectivity patterns in the human ECoG","Kern M, Aertsen A, Schulze-Bonhage A, Ball T.","Neuroimage. 2013 Nov 1;81:178-190. doi: 10.1016/j.neuroimage.2013.05.042. Epub 2013 May 16.","Kern M","Neuroimage","2013","2013/05/21","","","10.1016/j.neuroimage.2013.05.042"
"23564460","Nicotinic acid adenine dinucleotide phosphate (NAADP)-mediated calcium signaling and arrhythmias in the heart evoked by β-adrenergic stimulation","Nebel M, Schwoerer AP, Warszta D, Siebrands CC, Limbrock AC, Swarbrick JM, Fliegert R, Weber K, Bruhn S, Hohenegger M, Geisler A, Herich L, Schlegel S, Carrier L, Eschenhagen T, Potter BV, Ehmke H, Guse AH.","J Biol Chem. 2013 May 31;288(22):16017-30. doi: 10.1074/jbc.M112.441246. Epub 2013 Apr 5.","Nebel M","J Biol Chem","2013","2013/04/09","PMC3668757","","10.1074/jbc.M112.441246"
"22541740","Heartbeat evoked potentials mirror altered body perception in depressed patients","Terhaar J, Viola FC, Bär KJ, Debener S.","Clin Neurophysiol. 2012 Oct;123(10):1950-7. doi: 10.1016/j.clinph.2012.02.086. Epub 2012 Apr 25.","Terhaar J","Clin Neurophysiol","2012","2012/05/01","","","10.1016/j.clinph.2012.02.086"
"21396887","Effect of pain perception on the heartbeat evoked potential","Shao S, Shen K, Wilder-Smith EP, Li X.","Clin Neurophysiol. 2011 Sep;122(9):1838-45. doi: 10.1016/j.clinph.2011.02.014. Epub 2011 Mar 10.","Shao S","Clin Neurophysiol","2011","2011/03/15","","","10.1016/j.clinph.2011.02.014"
"21055427","Association between interoception and empathy: evidence from heartbeat-evoked brain potential","Fukushima H, Terasawa Y, Umeda S.","Int J Psychophysiol. 2011 Feb;79(2):259-65. doi: 10.1016/j.ijpsycho.2010.10.015. Epub 2010 Nov 3.","Fukushima H","Int J Psychophysiol","2011","2010/11/09","","","10.1016/j.ijpsycho.2010.10.015"
"18064066","Effect of heartbeat perception on heartbeat evoked potential waves","Yuan H, Yan HM, Xu XG, Han F, Yan Q.","Neurosci Bull. 2007 Nov;23(6):357-62. doi: 10.1007/s12264-007-0053-7.","Yuan H","Neurosci Bull","2007","2007/12/08","PMC5550650","","10.1007/s12264-007-0053-7"
"17420478","A cortical potential reflecting cardiac function","Gray MA, Taggart P, Sutton PM, Groves D, Holdright DR, Bradbury D, Brull D, Critchley HD.","Proc Natl Acad Sci U S A. 2007 Apr 17;104(16):6818-23. doi: 10.1073/pnas.0609509104. Epub 2007 Apr 9.","Gray MA","Proc Natl Acad Sci U S A","2007","2007/04/11","PMC1871868","","10.1073/pnas.0609509104"
"15852466","Brain structures involved in interoceptive awareness and cardioafferent signal processing: a dipole source localization study","Pollatos O, Kirsch W, Schandry R.","Hum Brain Mapp. 2005 Sep;26(1):54-64. doi: 10.1002/hbm.20121.","Pollatos O","Hum Brain Mapp","2005","2005/04/27","PMC6871699","","10.1002/hbm.20121"
"15102134","Accuracy of heartbeat perception is reflected in the amplitude of the heartbeat-evoked brain potential","Pollatos O, Schandry R.","Psychophysiology. 2004 May;41(3):476-82. doi: 10.1111/1469-8986.2004.00170.x.","Pollatos O","Psychophysiology","2004","2004/04/23","","","10.1111/1469-8986.2004.00170.x"
"15025887","Electrophysiological evidence of intuition: part 1. The surprising role of the heart","McCraty R, Atkinson M, Bradley RT.","J Altern Complement Med. 2004 Feb;10(1):133-43. doi: 10.1089/107555304322849057.","McCraty R","J Altern Complement Med","2004","2004/03/18","","","10.1089/107555304322849057"
"12443920","Biogenic amines evoke heartbeat reversal in larvae of the sweet potato hornworm, Agrius convolvuli","Matsushita T, Kuwasawa K, Uchimura K, Ai H, Kurokawa M.","Comp Biochem Physiol A Mol Integr Physiol. 2002 Nov;133(3):625-36. doi: 10.1016/s1095-6433(02)00154-x.","Matsushita T","Comp Biochem Physiol A Mol Integr Physiol","2002","2002/11/22","","","10.1016/s1095-6433(02)00154-x"
"11593509","An animal and clinical study on the change of neuropeptide Y release evoked by electrical stimulation and myocardial ischemia","Cheng B, He Y, Xiang J, Guo L, Han Q.","Chin Med J (Engl). 1999 May;112(5):410-3.","Cheng B","Chin Med J (Engl)","1999","2001/10/12","","",""
"11275540","The heartbeat-evoked brain potential in patients suffering from diabetic neuropathy and in healthy control persons","Leopold C, Schandry R.","Clin Neurophysiol. 2001 Apr;112(4):674-82. doi: 10.1016/s1388-2457(01)00480-1.","Leopold C","Clin Neurophysiol","2001","2001/03/29","","","10.1016/s1388-2457(01)00480-1"
"10574450","The chronoinotropic effects of new regulatory input to the heart of land pulmonates","Zhuravlev V, Bugaj V, Safonova T, Senkov O, Kodirov S.","Acta Biol Hung. 1999;50(1-3):309-18.","Zhuravlev V","Acta Biol Hung","1999","1999/11/26","","",""
"8770371","Event-related brain potentials and the processing of cardiac activity","Schandry R, Montoya P.","Biol Psychol. 1996 Jan 5;42(1-2):75-85. doi: 10.1016/0301-0511(95)05147-3.","Schandry R","Biol Psychol","1996","1996/01/05","","","10.1016/0301-0511(95)05147-3"
"7684965","Heartbeat evoked potentials (HEP): topography and influence of cardiac awareness and focus of attention","Montoya P, Schandry R, Müller A.","Electroencephalogr Clin Neurophysiol. 1993 May-Jun;88(3):163-72. doi: 10.1016/0168-5597(93)90001-6.","Montoya P","Electroencephalogr Clin Neurophysiol","1993","1993/05/01","","","10.1016/0168-5597(93)90001-6"
"8448594","Effects of capsaicin and 5-HT3 antagonists on 5-hydroxytryptamine-evoked release of calcitonin gene-related peptide in the guinea-pig heart","Tramontana M, Giuliani S, Del Bianco E, Lecci A, Maggi CA, Evangelista S, Geppetti P.","Br J Pharmacol. 1993 Feb;108(2):431-5. doi: 10.1111/j.1476-5381.1993.tb12821.x.","Tramontana M","Br J Pharmacol","1993","1993/02/01","PMC1907963","","10.1111/j.1476-5381.1993.tb12821.x"
"1676949","Effects of Tityus serrulatus scorpion venom and one of its purified toxins (toxin gamma) on the isolated guinea-pig heart","Silveira NP, Moraes-Santos T, Azevedo AD, Freire-Maia L.","Comp Biochem Physiol C Comp Pharmacol Toxicol. 1991;98(2-3):329-36. doi: 10.1016/0742-8413(91)90213-d.","Silveira NP","Comp Biochem Physiol C Comp Pharmacol Toxicol","1991","1991/01/01","","","10.1016/0742-8413(91)90213-d"
"3736685","Ouabain enhances release of acetylcholine in the heart evoked by unilateral vagal stimulation","Feinauer M, Lindmar R, Löffelholz K, Ullrich B.","Naunyn Schmiedebergs Arch Pharmacol. 1986 May;333(1):7-12. doi: 10.1007/BF00569652.","Feinauer M","Naunyn Schmiedebergs Arch Pharmacol","1986","1986/05/01","","","10.1007/BF00569652"
"7078664","Nicotine receptors do not modulate the 3H-noradrenaline release from the isolated rat heart evoked by sympathetic nerve stimulation","Fuder H, Siebenborn R, Muscholl E.","Naunyn Schmiedebergs Arch Pharmacol. 1982 Mar;318(4):301-7. doi: 10.1007/BF00501169.","Fuder H","Naunyn Schmiedebergs Arch Pharmacol","1982","1982/03/01","","","10.1007/BF00501169"
"7168344","New theory of the development of myocardial infarction","Szentiványi M, Vértesi C, Paál A, Pénzes M, Leszkovszky GP, Balázs B, Kiss C.","Acta Physiol Acad Sci Hung. 1982;59(3):235-54.","Szentiványi M","Acta Physiol Acad Sci Hung","1982","1982/01/01","","",""
"6266849","Lack of modulation by presynaptic alpha 2-adrenoceptors of adrenergic transmitters release evoked by activation of 5-hydroxytryptamine and nicotine receptors","Carr SR, Fozard JR.","Eur J Pharmacol. 1981 Jun 10;72(1):27-34. doi: 10.1016/0014-2999(81)90293-4.","Carr SR","Eur J Pharmacol","1981","1981/06/10","","","10.1016/0014-2999(81)90293-4"
"732887","The effect of dopamine on the overflow of endogenous noradrenaline from the perfused rabbit heart evoked by sympathetic nerve stimulation","Fuder H, Muscholl E.","Naunyn Schmiedebergs Arch Pharmacol. 1978 Nov;305(2):109-15. doi: 10.1007/BF00508279.","Fuder H","Naunyn Schmiedebergs Arch Pharmacol","1978","1978/11/01","","","10.1007/BF00508279"
"14319400","THE PRESENCE OF ENDOGENOUS PYROGEN IN NORMAL RABBIT TISSUES","SNELL ES, ATKINS E.","J Exp Med. 1965 Jun 1;121(6):1019-38. doi: 10.1084/jem.121.6.1019.","SNELL ES","J Exp Med","1965","1965/06/01","PMC2138019","","10.1084/jem.121.6.1019"
